concept,siftco,colorco,map
diningtable,0.62,0.38,0.2464
car,0.62,0.38,0.4020
person,0.62,0.38,0.6848
aeroplane,0.62,0.38,0.7063
dog,0.62,0.38,0.3490
bicycle,0.62,0.38,0.3850
train,0.62,0.38,0.5145
motorbike,0.62,0.38,0.3127
bottle,0.62,0.38,0.1389
sofa,0.62,0.38,0.1919
cat,0.62,0.38,0.4556
horse,0.62,0.38,0.3166
boat,0.62,0.38,0.3864
bus,0.62,0.38,0.6148
bird,0.62,0.38,0.3258
tvmonitor,0.62,0.38,0.3889
pottedplant,0.62,0.38,0.1530
sheep,0.62,0.38,0.3552
chair,0.62,0.38,0.3792
cow,0.62,0.38,0.1849
diningtable,0.57,0.43,0.2499
car,0.57,0.43,0.4027
person,0.57,0.43,0.6861
aeroplane,0.57,0.43,0.7030
dog,0.57,0.43,0.3493
bicycle,0.57,0.43,0.3853
train,0.57,0.43,0.5144
motorbike,0.57,0.43,0.3137
bottle,0.57,0.43,0.1395
sofa,0.57,0.43,0.1894
cat,0.57,0.43,0.4570
horse,0.57,0.43,0.3179
boat,0.57,0.43,0.3918
bus,0.57,0.43,0.6167
bird,0.57,0.43,0.3277
tvmonitor,0.57,0.43,0.3900
pottedplant,0.57,0.43,0.1530
sheep,0.57,0.43,0.3529
chair,0.57,0.43,0.3774
cow,0.57,0.43,0.1845
diningtable,0.34,0.66,0.2517
car,0.34,0.66,0.3848
person,0.34,0.66,0.6620
aeroplane,0.34,0.66,0.6122
dog,0.34,0.66,0.3480
bicycle,0.34,0.66,0.3797
train,0.34,0.66,0.4923
motorbike,0.34,0.66,0.3182
bottle,0.34,0.66,0.1370
sofa,0.34,0.66,0.1530
cat,0.34,0.66,0.4492
horse,0.34,0.66,0.3160
boat,0.34,0.66,0.3840
bus,0.34,0.66,0.6001
bird,0.34,0.66,0.2977
tvmonitor,0.34,0.66,0.3849
pottedplant,0.34,0.66,0.1631
sheep,0.34,0.66,0.3267
chair,0.34,0.66,0.3421
cow,0.34,0.66,0.1635
diningtable,0.67,0.33,0.2445
car,0.67,0.33,0.4002
person,0.67,0.33,0.6822
aeroplane,0.67,0.33,0.7070
dog,0.67,0.33,0.3484
bicycle,0.67,0.33,0.3850
train,0.67,0.33,0.5142
motorbike,0.67,0.33,0.3113
bottle,0.67,0.33,0.1383
sofa,0.67,0.33,0.1936
cat,0.67,0.33,0.4542
horse,0.67,0.33,0.3158
boat,0.67,0.33,0.3814
bus,0.67,0.33,0.6118
bird,0.67,0.33,0.3206
tvmonitor,0.67,0.33,0.3876
pottedplant,0.67,0.33,0.1509
sheep,0.67,0.33,0.3513
chair,0.67,0.33,0.3790
cow,0.67,0.33,0.1832
diningtable,0.45,0.55,0.2552
car,0.45,0.55,0.3987
person,0.45,0.55,0.6820
aeroplane,0.45,0.55,0.6609
dog,0.45,0.55,0.3495
bicycle,0.45,0.55,0.3840
train,0.45,0.55,0.5103
motorbike,0.45,0.55,0.3173
bottle,0.45,0.55,0.1389
sofa,0.45,0.55,0.1758
cat,0.45,0.55,0.4567
horse,0.45,0.55,0.3179
boat,0.45,0.55,0.3950
bus,0.45,0.55,0.6160
bird,0.45,0.55,0.3216
tvmonitor,0.45,0.55,0.3905
pottedplant,0.45,0.55,0.1580
sheep,0.45,0.55,0.3475
chair,0.45,0.55,0.3709
cow,0.45,0.55,0.1781
diningtable,0.5,0.5,0.2535
car,0.5,0.5,0.4012
person,0.5,0.5,0.6855
aeroplane,0.5,0.5,0.6850
dog,0.5,0.5,0.3497
bicycle,0.5,0.5,0.3848
train,0.5,0.5,0.5130
motorbike,0.5,0.5,0.3162
bottle,0.5,0.5,0.1390
sofa,0.5,0.5,0.1818
cat,0.5,0.5,0.4573
horse,0.5,0.5,0.3188
boat,0.5,0.5,0.3954
bus,0.5,0.5,0.6173
bird,0.5,0.5,0.3265
tvmonitor,0.5,0.5,0.3910
pottedplant,0.5,0.5,0.1562
sheep,0.5,0.5,0.3515
chair,0.5,0.5,0.3755
cow,0.5,0.5,0.1813
diningtable,0.48,0.52,0.2540
car,0.48,0.52,0.4011
person,0.48,0.52,0.6846
aeroplane,0.48,0.52,0.6767
dog,0.48,0.52,0.3497
bicycle,0.48,0.52,0.3846
train,0.48,0.52,0.5116
motorbike,0.48,0.52,0.3166
bottle,0.48,0.52,0.1390
sofa,0.48,0.52,0.1795
cat,0.48,0.52,0.4570
horse,0.48,0.52,0.3186
boat,0.48,0.52,0.3952
bus,0.48,0.52,0.6169
bird,0.48,0.52,0.3255
tvmonitor,0.48,0.52,0.3909
pottedplant,0.48,0.52,0.1574
sheep,0.48,0.52,0.3501
chair,0.48,0.52,0.3740
cow,0.48,0.52,0.1804
diningtable,0.32,0.68,0.2495
car,0.32,0.68,0.3797
person,0.32,0.68,0.6568
aeroplane,0.32,0.68,0.6036
dog,0.32,0.68,0.3472
bicycle,0.32,0.68,0.3784
train,0.32,0.68,0.4860
motorbike,0.32,0.68,0.3190
bottle,0.32,0.68,0.1364
sofa,0.32,0.68,0.1498
cat,0.32,0.68,0.4459
horse,0.32,0.68,0.3139
boat,0.32,0.68,0.3803
bus,0.32,0.68,0.5923
bird,0.32,0.68,0.2909
tvmonitor,0.32,0.68,0.3826
pottedplant,0.32,0.68,0.1651
sheep,0.32,0.68,0.3200
chair,0.32,0.68,0.3344
cow,0.32,0.68,0.1565
diningtable,0.89,0.11,0.2308
car,0.89,0.11,0.3881
person,0.89,0.11,0.6663
aeroplane,0.89,0.11,0.6988
dog,0.89,0.11,0.3456
bicycle,0.89,0.11,0.3829
train,0.89,0.11,0.5086
motorbike,0.89,0.11,0.3020
bottle,0.89,0.11,0.1357
sofa,0.89,0.11,0.1882
cat,0.89,0.11,0.4460
horse,0.89,0.11,0.3113
boat,0.89,0.11,0.3478
bus,0.89,0.11,0.5934
bird,0.89,0.11,0.3013
tvmonitor,0.89,0.11,0.3810
pottedplant,0.89,0.11,0.1443
sheep,0.89,0.11,0.3512
chair,0.89,0.11,0.3686
cow,0.89,0.11,0.1743
diningtable,0.82,0.18,0.2346
car,0.82,0.18,0.3925
person,0.82,0.18,0.6718
aeroplane,0.82,0.18,0.7037
dog,0.82,0.18,0.3466
bicycle,0.82,0.18,0.3834
train,0.82,0.18,0.5113
motorbike,0.82,0.18,0.3048
bottle,0.82,0.18,0.1364
sofa,0.82,0.18,0.1905
cat,0.82,0.18,0.4484
horse,0.82,0.18,0.3121
boat,0.82,0.18,0.3609
bus,0.82,0.18,0.6008
bird,0.82,0.18,0.3077
tvmonitor,0.82,0.18,0.3832
pottedplant,0.82,0.18,0.1461
sheep,0.82,0.18,0.3514
chair,0.82,0.18,0.3722
cow,0.82,0.18,0.1771
diningtable,0.07,0.93,0.1700
car,0.07,0.93,0.2682
person,0.07,0.93,0.5648
aeroplane,0.07,0.93,0.4450
dog,0.07,0.93,0.2953
bicycle,0.07,0.93,0.2636
train,0.07,0.93,0.2255
motorbike,0.07,0.93,0.1801
bottle,0.07,0.93,0.1086
sofa,0.07,0.93,0.0993
cat,0.07,0.93,0.2822
horse,0.07,0.93,0.1751
boat,0.07,0.93,0.2805
bus,0.07,0.93,0.2764
bird,0.07,0.93,0.2164
tvmonitor,0.07,0.93,0.1972
pottedplant,0.07,0.93,0.1448
sheep,0.07,0.93,0.1859
chair,0.07,0.93,0.2125
cow,0.07,0.93,0.1082
diningtable,0.09,0.91,0.1772
car,0.09,0.91,0.2790
person,0.09,0.91,0.5739
aeroplane,0.09,0.91,0.4636
dog,0.09,0.91,0.3109
bicycle,0.09,0.91,0.2935
train,0.09,0.91,0.2500
motorbike,0.09,0.91,0.2044
bottle,0.09,0.91,0.1128
sofa,0.09,0.91,0.1027
cat,0.09,0.91,0.3105
horse,0.09,0.91,0.2051
boat,0.09,0.91,0.2879
bus,0.09,0.91,0.3059
bird,0.09,0.91,0.2226
tvmonitor,0.09,0.91,0.2293
pottedplant,0.09,0.91,0.1562
sheep,0.09,0.91,0.1990
chair,0.09,0.91,0.2217
cow,0.09,0.91,0.1116
diningtable,0.86,0.14,0.2325
car,0.86,0.14,0.3902
person,0.86,0.14,0.6688
aeroplane,0.86,0.14,0.7012
dog,0.86,0.14,0.3463
bicycle,0.86,0.14,0.3835
train,0.86,0.14,0.5101
motorbike,0.86,0.14,0.3030
bottle,0.86,0.14,0.1360
sofa,0.86,0.14,0.1890
cat,0.86,0.14,0.4472
horse,0.86,0.14,0.3116
boat,0.86,0.14,0.3528
bus,0.86,0.14,0.5966
bird,0.86,0.14,0.3049
tvmonitor,0.86,0.14,0.3820
pottedplant,0.86,0.14,0.1451
sheep,0.86,0.14,0.3522
chair,0.86,0.14,0.3702
cow,0.86,0.14,0.1752
diningtable,0.76,0.24,0.2385
car,0.76,0.24,0.3959
person,0.76,0.24,0.6764
aeroplane,0.76,0.24,0.7056
dog,0.76,0.24,0.3475
bicycle,0.76,0.24,0.3839
train,0.76,0.24,0.5120
motorbike,0.76,0.24,0.3077
bottle,0.76,0.24,0.1372
sofa,0.76,0.24,0.1920
cat,0.76,0.24,0.4508
horse,0.76,0.24,0.3132
boat,0.76,0.24,0.3695
bus,0.76,0.24,0.6049
bird,0.76,0.24,0.3134
tvmonitor,0.76,0.24,0.3847
pottedplant,0.76,0.24,0.1474
sheep,0.76,0.24,0.3516
chair,0.76,0.24,0.3757
cow,0.76,0.24,0.1790
diningtable,0.66,0.34,0.2449
car,0.66,0.34,0.4006
person,0.66,0.34,0.6828
aeroplane,0.66,0.34,0.7071
dog,0.66,0.34,0.3486
bicycle,0.66,0.34,0.3849
train,0.66,0.34,0.5141
motorbike,0.66,0.34,0.3118
bottle,0.66,0.34,0.1384
sofa,0.66,0.34,0.1934
cat,0.66,0.34,0.4543
horse,0.66,0.34,0.3160
boat,0.66,0.34,0.3830
bus,0.66,0.34,0.6124
bird,0.66,0.34,0.3220
tvmonitor,0.66,0.34,0.3879
pottedplant,0.66,0.34,0.1514
sheep,0.66,0.34,0.3524
chair,0.66,0.34,0.3792
cow,0.66,0.34,0.1832
diningtable,0.53,0.47,0.2522
car,0.53,0.47,0.4026
person,0.53,0.47,0.6861
aeroplane,0.53,0.47,0.6940
dog,0.53,0.47,0.3494
bicycle,0.53,0.47,0.3849
train,0.53,0.47,0.5131
motorbike,0.53,0.47,0.3148
bottle,0.53,0.47,0.1383
sofa,0.53,0.47,0.1847
cat,0.53,0.47,0.4575
horse,0.53,0.47,0.3187
boat,0.53,0.47,0.3943
bus,0.53,0.47,0.6176
bird,0.53,0.47,0.3270
tvmonitor,0.53,0.47,0.3909
pottedplant,0.53,0.47,0.1542
sheep,0.53,0.47,0.3525
chair,0.53,0.47,0.3761
cow,0.53,0.47,0.1832
diningtable,0.35,0.65,0.2512
car,0.35,0.65,0.3868
person,0.35,0.65,0.6646
aeroplane,0.35,0.65,0.6161
dog,0.35,0.65,0.3482
bicycle,0.35,0.65,0.3802
train,0.35,0.65,0.4951
motorbike,0.35,0.65,0.3180
bottle,0.35,0.65,0.1372
sofa,0.35,0.65,0.1553
cat,0.35,0.65,0.4502
horse,0.35,0.65,0.3165
boat,0.35,0.65,0.3861
bus,0.35,0.65,0.6028
bird,0.35,0.65,0.3006
tvmonitor,0.35,0.65,0.3860
pottedplant,0.35,0.65,0.1629
sheep,0.35,0.65,0.3290
chair,0.35,0.65,0.3462
cow,0.35,0.65,0.1641
diningtable,0.88,0.12,0.2316
car,0.88,0.12,0.3887
person,0.88,0.12,0.6671
aeroplane,0.88,0.12,0.6997
dog,0.88,0.12,0.3458
bicycle,0.88,0.12,0.3830
train,0.88,0.12,0.5091
motorbike,0.88,0.12,0.3024
bottle,0.88,0.12,0.1357
sofa,0.88,0.12,0.1886
cat,0.88,0.12,0.4463
horse,0.88,0.12,0.3114
boat,0.88,0.12,0.3497
bus,0.88,0.12,0.5950
bird,0.88,0.12,0.3024
tvmonitor,0.88,0.12,0.3812
pottedplant,0.88,0.12,0.1445
sheep,0.88,0.12,0.3520
chair,0.88,0.12,0.3690
cow,0.88,0.12,0.1748
diningtable,0.75,0.25,0.2391
car,0.75,0.25,0.3967
person,0.75,0.25,0.6772
aeroplane,0.75,0.25,0.7061
dog,0.75,0.25,0.3476
bicycle,0.75,0.25,0.3839
train,0.75,0.25,0.5124
motorbike,0.75,0.25,0.3082
bottle,0.75,0.25,0.1374
sofa,0.75,0.25,0.1932
cat,0.75,0.25,0.4513
horse,0.75,0.25,0.3133
boat,0.75,0.25,0.3712
bus,0.75,0.25,0.6065
bird,0.75,0.25,0.3130
tvmonitor,0.75,0.25,0.3851
pottedplant,0.75,0.25,0.1478
sheep,0.75,0.25,0.3515
chair,0.75,0.25,0.3760
cow,0.75,0.25,0.1832
diningtable,0.11,0.89,0.1853
car,0.11,0.89,0.2909
person,0.11,0.89,0.5826
aeroplane,0.11,0.89,0.4794
dog,0.11,0.89,0.3201
bicycle,0.11,0.89,0.3142
train,0.11,0.89,0.2776
motorbike,0.11,0.89,0.2303
bottle,0.11,0.89,0.1158
sofa,0.11,0.89,0.1062
cat,0.11,0.89,0.3370
horse,0.11,0.89,0.2275
boat,0.11,0.89,0.2984
bus,0.11,0.89,0.3384
bird,0.11,0.89,0.2284
tvmonitor,0.11,0.89,0.2617
pottedplant,0.11,0.89,0.1621
sheep,0.11,0.89,0.2106
chair,0.11,0.89,0.2311
cow,0.11,0.89,0.1164
diningtable,0.85,0.15,0.2329
car,0.85,0.15,0.3909
person,0.85,0.15,0.6695
aeroplane,0.85,0.15,0.7021
dog,0.85,0.15,0.3464
bicycle,0.85,0.15,0.3835
train,0.85,0.15,0.5105
motorbike,0.85,0.15,0.3033
bottle,0.85,0.15,0.1361
sofa,0.85,0.15,0.1894
cat,0.85,0.15,0.4478
horse,0.85,0.15,0.3118
boat,0.85,0.15,0.3544
bus,0.85,0.15,0.5980
bird,0.85,0.15,0.3057
tvmonitor,0.85,0.15,0.3822
pottedplant,0.85,0.15,0.1452
sheep,0.85,0.15,0.3509
chair,0.85,0.15,0.3706
cow,0.85,0.15,0.1757
diningtable,0.06,0.94,0.1669
car,0.06,0.94,0.2624
person,0.06,0.94,0.5602
aeroplane,0.06,0.94,0.4342
dog,0.06,0.94,0.2861
bicycle,0.06,0.94,0.2443
train,0.06,0.94,0.2128
motorbike,0.06,0.94,0.1683
bottle,0.06,0.94,0.1067
sofa,0.06,0.94,0.0978
cat,0.06,0.94,0.2668
horse,0.06,0.94,0.1573
boat,0.06,0.94,0.2758
bus,0.06,0.94,0.2618
bird,0.06,0.94,0.2133
tvmonitor,0.06,0.94,0.1819
pottedplant,0.06,0.94,0.1404
sheep,0.06,0.94,0.1780
chair,0.06,0.94,0.2082
cow,0.06,0.94,0.1055
diningtable,0.7,0.3,0.2425
car,0.7,0.3,0.3991
person,0.7,0.3,0.6805
aeroplane,0.7,0.3,0.7072
dog,0.7,0.3,0.3480
bicycle,0.7,0.3,0.3849
train,0.7,0.3,0.5138
motorbike,0.7,0.3,0.3104
bottle,0.7,0.3,0.1380
sofa,0.7,0.3,0.1936
cat,0.7,0.3,0.4532
horse,0.7,0.3,0.3151
boat,0.7,0.3,0.3773
bus,0.7,0.3,0.6107
bird,0.7,0.3,0.3173
tvmonitor,0.7,0.3,0.3865
pottedplant,0.7,0.3,0.1497
sheep,0.7,0.3,0.3514
chair,0.7,0.3,0.3777
cow,0.7,0.3,0.1840
diningtable,0.4,0.6,0.2557
car,0.4,0.6,0.3937
person,0.4,0.6,0.6750
aeroplane,0.4,0.6,0.6346
dog,0.4,0.6,0.3490
bicycle,0.4,0.6,0.3827
train,0.4,0.6,0.5044
motorbike,0.4,0.6,0.3169
bottle,0.4,0.6,0.1383
sofa,0.4,0.6,0.1679
cat,0.4,0.6,0.4548
horse,0.4,0.6,0.3167
boat,0.4,0.6,0.3929
bus,0.4,0.6,0.6138
bird,0.4,0.6,0.3140
tvmonitor,0.4,0.6,0.3898
pottedplant,0.4,0.6,0.1603
sheep,0.4,0.6,0.3383
chair,0.4,0.6,0.3623
cow,0.4,0.6,0.1728
diningtable,0.3,0.7,0.2462
car,0.3,0.7,0.3749
person,0.3,0.7,0.6508
aeroplane,0.3,0.7,0.5940
dog,0.3,0.7,0.3464
bicycle,0.3,0.7,0.3765
train,0.3,0.7,0.4773
motorbike,0.3,0.7,0.3196
bottle,0.3,0.7,0.1358
sofa,0.3,0.7,0.1438
cat,0.3,0.7,0.4425
horse,0.3,0.7,0.3124
boat,0.3,0.7,0.3746
bus,0.3,0.7,0.5822
bird,0.3,0.7,0.2856
tvmonitor,0.3,0.7,0.3794
pottedplant,0.3,0.7,0.1661
sheep,0.3,0.7,0.3139
chair,0.3,0.7,0.3249
cow,0.3,0.7,0.1529
diningtable,0.1,0.9,0.1809
car,0.1,0.9,0.2855
person,0.1,0.9,0.5782
aeroplane,0.1,0.9,0.4714
dog,0.1,0.9,0.3155
bicycle,0.1,0.9,0.3035
train,0.1,0.9,0.2629
motorbike,0.1,0.9,0.2167
bottle,0.1,0.9,0.1143
sofa,0.1,0.9,0.1045
cat,0.1,0.9,0.3238
horse,0.1,0.9,0.2167
boat,0.1,0.9,0.2943
bus,0.1,0.9,0.3211
bird,0.1,0.9,0.2255
tvmonitor,0.1,0.9,0.2453
pottedplant,0.1,0.9,0.1609
sheep,0.1,0.9,0.2046
chair,0.1,0.9,0.2262
cow,0.1,0.9,0.1136
diningtable,0.81,0.19,0.2353
car,0.81,0.19,0.3931
person,0.81,0.19,0.6725
aeroplane,0.81,0.19,0.7040
dog,0.81,0.19,0.3467
bicycle,0.81,0.19,0.3835
train,0.81,0.19,0.5114
motorbike,0.81,0.19,0.3049
bottle,0.81,0.19,0.1365
sofa,0.81,0.19,0.1907
cat,0.81,0.19,0.4488
horse,0.81,0.19,0.3123
boat,0.81,0.19,0.3623
bus,0.81,0.19,0.6016
bird,0.81,0.19,0.3091
tvmonitor,0.81,0.19,0.3836
pottedplant,0.81,0.19,0.1462
sheep,0.81,0.19,0.3514
chair,0.81,0.19,0.3726
cow,0.81,0.19,0.1776
diningtable,0.31,0.69,0.2479
car,0.31,0.69,0.3772
person,0.31,0.69,0.6539
aeroplane,0.31,0.69,0.5990
dog,0.31,0.69,0.3469
bicycle,0.31,0.69,0.3773
train,0.31,0.69,0.4817
motorbike,0.31,0.69,0.3190
bottle,0.31,0.69,0.1361
sofa,0.31,0.69,0.1467
cat,0.31,0.69,0.4441
horse,0.31,0.69,0.3134
boat,0.31,0.69,0.3775
bus,0.31,0.69,0.5870
bird,0.31,0.69,0.2885
tvmonitor,0.31,0.69,0.3812
pottedplant,0.31,0.69,0.1655
sheep,0.31,0.69,0.3168
chair,0.31,0.69,0.3294
cow,0.31,0.69,0.1541
diningtable,0.27,0.73,0.2384
car,0.27,0.73,0.3657
person,0.27,0.73,0.6417
aeroplane,0.27,0.73,0.5786
dog,0.27,0.73,0.3456
bicycle,0.27,0.73,0.3735
train,0.27,0.73,0.4603
motorbike,0.27,0.73,0.3175
bottle,0.27,0.73,0.1326
sofa,0.27,0.73,0.1371
cat,0.27,0.73,0.4356
horse,0.27,0.73,0.3097
boat,0.27,0.73,0.3663
bus,0.27,0.73,0.5592
bird,0.27,0.73,0.2766
tvmonitor,0.27,0.73,0.3752
pottedplant,0.27,0.73,0.1672
sheep,0.27,0.73,0.3036
chair,0.27,0.73,0.3102
cow,0.27,0.73,0.1481
diningtable,0.05,0.95,0.1612
car,0.05,0.95,0.2571
person,0.05,0.95,0.5555
aeroplane,0.05,0.95,0.4235
dog,0.05,0.95,0.2740
bicycle,0.05,0.95,0.2196
train,0.05,0.95,0.1983
motorbike,0.05,0.95,0.1562
bottle,0.05,0.95,0.1050
sofa,0.05,0.95,0.0963
cat,0.05,0.95,0.2520
horse,0.05,0.95,0.1413
boat,0.05,0.95,0.2713
bus,0.05,0.95,0.2457
bird,0.05,0.95,0.2105
tvmonitor,0.05,0.95,0.1682
pottedplant,0.05,0.95,0.1328
sheep,0.05,0.95,0.1725
chair,0.05,0.95,0.2038
cow,0.05,0.95,0.1028
diningtable,0.15,0.85,0.2031
car,0.15,0.85,0.3127
person,0.15,0.85,0.5990
aeroplane,0.15,0.85,0.5076
dog,0.15,0.85,0.3323
bicycle,0.15,0.85,0.3404
train,0.15,0.85,0.3298
motorbike,0.15,0.85,0.2754
bottle,0.15,0.85,0.1220
sofa,0.15,0.85,0.1130
cat,0.15,0.85,0.3766
horse,0.15,0.85,0.2657
boat,0.15,0.85,0.3181
bus,0.15,0.85,0.4044
bird,0.15,0.85,0.2403
tvmonitor,0.15,0.85,0.3116
pottedplant,0.15,0.85,0.1695
sheep,0.15,0.85,0.2344
chair,0.15,0.85,0.2514
cow,0.15,0.85,0.1246
diningtable,0.22,0.78,0.2283
car,0.22,0.78,0.3465
person,0.22,0.78,0.6251
aeroplane,0.22,0.78,0.5514
dog,0.22,0.78,0.3418
bicycle,0.22,0.78,0.3636
train,0.22,0.78,0.4154
motorbike,0.22,0.78,0.3119
bottle,0.22,0.78,0.1297
sofa,0.22,0.78,0.1269
cat,0.22,0.78,0.4191
horse,0.22,0.78,0.2980
boat,0.22,0.78,0.3480
bus,0.22,0.78,0.5132
bird,0.22,0.78,0.2612
tvmonitor,0.22,0.78,0.3595
pottedplant,0.22,0.78,0.1702
sheep,0.22,0.78,0.2773
chair,0.22,0.78,0.2847
cow,0.22,0.78,0.1389
diningtable,0.69,0.31,0.2435
car,0.69,0.31,0.3994
person,0.69,0.31,0.6811
aeroplane,0.69,0.31,0.7071
dog,0.69,0.31,0.3482
bicycle,0.69,0.31,0.3852
train,0.69,0.31,0.5140
motorbike,0.69,0.31,0.3107
bottle,0.69,0.31,0.1381
sofa,0.69,0.31,0.1939
cat,0.69,0.31,0.4535
horse,0.69,0.31,0.3152
boat,0.69,0.31,0.3787
bus,0.69,0.31,0.6113
bird,0.69,0.31,0.3183
tvmonitor,0.69,0.31,0.3867
pottedplant,0.69,0.31,0.1501
sheep,0.69,0.31,0.3516
chair,0.69,0.31,0.3778
cow,0.69,0.31,0.1840
diningtable,0.65,0.35,0.2451
car,0.65,0.35,0.4013
person,0.65,0.35,0.6834
aeroplane,0.65,0.35,0.7073
dog,0.65,0.35,0.3487
bicycle,0.65,0.35,0.3849
train,0.65,0.35,0.5144
motorbike,0.65,0.35,0.3119
bottle,0.65,0.35,0.1386
sofa,0.65,0.35,0.1930
cat,0.65,0.35,0.4547
horse,0.65,0.35,0.3161
boat,0.65,0.35,0.3844
bus,0.65,0.35,0.6126
bird,0.65,0.35,0.3229
tvmonitor,0.65,0.35,0.3881
pottedplant,0.65,0.35,0.1518
sheep,0.65,0.35,0.3528
chair,0.65,0.35,0.3795
cow,0.65,0.35,0.1846
diningtable,0.71,0.29,0.2415
car,0.71,0.29,0.3986
person,0.71,0.29,0.6800
aeroplane,0.71,0.29,0.7068
dog,0.71,0.29,0.3480
bicycle,0.71,0.29,0.3844
train,0.71,0.29,0.5139
motorbike,0.71,0.29,0.3100
bottle,0.71,0.29,0.1380
sofa,0.71,0.29,0.1937
cat,0.71,0.29,0.4527
horse,0.71,0.29,0.3148
boat,0.71,0.29,0.3761
bus,0.71,0.29,0.6093
bird,0.71,0.29,0.3163
tvmonitor,0.71,0.29,0.3859
pottedplant,0.71,0.29,0.1495
sheep,0.71,0.29,0.3512
chair,0.71,0.29,0.3773
cow,0.71,0.29,0.1836
diningtable,0.42,0.58,0.2560
car,0.42,0.58,0.3959
person,0.42,0.58,0.6783
aeroplane,0.42,0.58,0.6440
dog,0.42,0.58,0.3495
bicycle,0.42,0.58,0.3830
train,0.42,0.58,0.5066
motorbike,0.42,0.58,0.3174
bottle,0.42,0.58,0.1387
sofa,0.42,0.58,0.1708
cat,0.42,0.58,0.4555
horse,0.42,0.58,0.3179
boat,0.42,0.58,0.3939
bus,0.42,0.58,0.6159
bird,0.42,0.58,0.3179
tvmonitor,0.42,0.58,0.3903
pottedplant,0.42,0.58,0.1595
sheep,0.42,0.58,0.3454
chair,0.42,0.58,0.3662
cow,0.42,0.58,0.1747
diningtable,0.08,0.92,0.1728
car,0.08,0.92,0.2735
person,0.08,0.92,0.5694
aeroplane,0.08,0.92,0.4543
dog,0.08,0.92,0.3042
bicycle,0.08,0.92,0.2801
train,0.08,0.92,0.2377
motorbike,0.08,0.92,0.1929
bottle,0.08,0.92,0.1109
sofa,0.08,0.92,0.1010
cat,0.08,0.92,0.2967
horse,0.08,0.92,0.1914
boat,0.08,0.92,0.2843
bus,0.08,0.92,0.2913
bird,0.08,0.92,0.2194
tvmonitor,0.08,0.92,0.2132
pottedplant,0.08,0.92,0.1530
sheep,0.08,0.92,0.1933
chair,0.08,0.92,0.2171
cow,0.08,0.92,0.1101
diningtable,0.77,0.23,0.2380
car,0.77,0.23,0.3951
person,0.77,0.23,0.6757
aeroplane,0.77,0.23,0.7052
dog,0.77,0.23,0.3473
bicycle,0.77,0.23,0.3840
train,0.77,0.23,0.5118
motorbike,0.77,0.23,0.3074
bottle,0.77,0.23,0.1370
sofa,0.77,0.23,0.1916
cat,0.77,0.23,0.4503
horse,0.77,0.23,0.3130
boat,0.77,0.23,0.3685
bus,0.77,0.23,0.6044
bird,0.77,0.23,0.3128
tvmonitor,0.77,0.23,0.3845
pottedplant,0.77,0.23,0.1471
sheep,0.77,0.23,0.3517
chair,0.77,0.23,0.3746
cow,0.77,0.23,0.1785
diningtable,0.68,0.32,0.2440
car,0.68,0.32,0.4000
person,0.68,0.32,0.6817
aeroplane,0.68,0.32,0.7068
dog,0.68,0.32,0.3484
bicycle,0.68,0.32,0.3852
train,0.68,0.32,0.5141
motorbike,0.68,0.32,0.3110
bottle,0.68,0.32,0.1382
sofa,0.68,0.32,0.1935
cat,0.68,0.32,0.4539
horse,0.68,0.32,0.3154
boat,0.68,0.32,0.3798
bus,0.68,0.32,0.6116
bird,0.68,0.32,0.3199
tvmonitor,0.68,0.32,0.3871
pottedplant,0.68,0.32,0.1507
sheep,0.68,0.32,0.3515
chair,0.68,0.32,0.3786
cow,0.68,0.32,0.1830
diningtable,0.36,0.64,0.2520
car,0.36,0.64,0.3881
person,0.36,0.64,0.6669
aeroplane,0.36,0.64,0.6197
dog,0.36,0.64,0.3482
bicycle,0.36,0.64,0.3805
train,0.36,0.64,0.4981
motorbike,0.36,0.64,0.3180
bottle,0.36,0.64,0.1376
sofa,0.36,0.64,0.1573
cat,0.36,0.64,0.4514
horse,0.36,0.64,0.3172
boat,0.36,0.64,0.3885
bus,0.36,0.64,0.6059
bird,0.36,0.64,0.3049
tvmonitor,0.36,0.64,0.3865
pottedplant,0.36,0.64,0.1622
sheep,0.36,0.64,0.3319
chair,0.36,0.64,0.3503
cow,0.36,0.64,0.1655
diningtable,0.21,0.79,0.2251
car,0.21,0.79,0.3422
person,0.21,0.79,0.6215
aeroplane,0.21,0.79,0.5456
dog,0.21,0.79,0.3409
bicycle,0.21,0.79,0.3620
train,0.21,0.79,0.4034
motorbike,0.21,0.79,0.3107
bottle,0.21,0.79,0.1294
sofa,0.21,0.79,0.1246
cat,0.21,0.79,0.4156
horse,0.21,0.79,0.2959
boat,0.21,0.79,0.3440
bus,0.21,0.79,0.5004
bird,0.21,0.79,0.2585
tvmonitor,0.21,0.79,0.3552
pottedplant,0.21,0.79,0.1711
sheep,0.21,0.79,0.2707
chair,0.21,0.79,0.2795
cow,0.21,0.79,0.1373
diningtable,0.38,0.62,0.2540
car,0.38,0.62,0.3915
person,0.38,0.62,0.6711
aeroplane,0.38,0.62,0.6271
dog,0.38,0.62,0.3483
bicycle,0.38,0.62,0.3816
train,0.38,0.62,0.5011
motorbike,0.38,0.62,0.3180
bottle,0.38,0.62,0.1378
sofa,0.38,0.62,0.1619
cat,0.38,0.62,0.4532
horse,0.38,0.62,0.3165
boat,0.38,0.62,0.3912
bus,0.38,0.62,0.6097
bird,0.38,0.62,0.3088
tvmonitor,0.38,0.62,0.3879
pottedplant,0.38,0.62,0.1612
sheep,0.38,0.62,0.3341
chair,0.38,0.62,0.3562
cow,0.38,0.62,0.1665
diningtable,0.17,0.83,0.2116
car,0.17,0.83,0.3234
person,0.17,0.83,0.6067
aeroplane,0.17,0.83,0.5213
dog,0.17,0.83,0.3359
bicycle,0.17,0.83,0.3504
train,0.17,0.83,0.3563
motorbike,0.17,0.83,0.2910
bottle,0.17,0.83,0.1251
sofa,0.17,0.83,0.1169
cat,0.17,0.83,0.3911
horse,0.17,0.83,0.2789
boat,0.17,0.83,0.3275
bus,0.17,0.83,0.4360
bird,0.17,0.83,0.2462
tvmonitor,0.17,0.83,0.3327
pottedplant,0.17,0.83,0.1702
sheep,0.17,0.83,0.2472
chair,0.17,0.83,0.2609
cow,0.17,0.83,0.1289
diningtable,0.59,0.41,0.2487
car,0.59,0.41,0.4026
person,0.59,0.41,0.6857
aeroplane,0.59,0.41,0.7046
dog,0.59,0.41,0.3492
bicycle,0.59,0.41,0.3848
train,0.59,0.41,0.5145
motorbike,0.59,0.41,0.3139
bottle,0.59,0.41,0.1392
sofa,0.59,0.41,0.1907
cat,0.59,0.41,0.4565
horse,0.59,0.41,0.3176
boat,0.59,0.41,0.3888
bus,0.59,0.41,0.6162
bird,0.59,0.41,0.3268
tvmonitor,0.59,0.41,0.3900
pottedplant,0.59,0.41,0.1523
sheep,0.59,0.41,0.3559
chair,0.59,0.41,0.3770
cow,0.59,0.41,0.1843
diningtable,0.25,0.75,0.2323
car,0.25,0.75,0.3590
person,0.25,0.75,0.6352
aeroplane,0.25,0.75,0.5678
dog,0.25,0.75,0.3443
bicycle,0.25,0.75,0.3707
train,0.25,0.75,0.4444
motorbike,0.25,0.75,0.3158
bottle,0.25,0.75,0.1312
sofa,0.25,0.75,0.1333
cat,0.25,0.75,0.4295
horse,0.25,0.75,0.3055
boat,0.25,0.75,0.3592
bus,0.25,0.75,0.5420
bird,0.25,0.75,0.2697
tvmonitor,0.25,0.75,0.3693
pottedplant,0.25,0.75,0.1687
sheep,0.25,0.75,0.2945
chair,0.25,0.75,0.2998
cow,0.25,0.75,0.1445
diningtable,0.49,0.51,0.2535
car,0.49,0.51,0.4015
person,0.49,0.51,0.6851
aeroplane,0.49,0.51,0.6809
dog,0.49,0.51,0.3497
bicycle,0.49,0.51,0.3846
train,0.49,0.51,0.5123
motorbike,0.49,0.51,0.3166
bottle,0.49,0.51,0.1390
sofa,0.49,0.51,0.1806
cat,0.49,0.51,0.4573
horse,0.49,0.51,0.3186
boat,0.49,0.51,0.3959
bus,0.49,0.51,0.6165
bird,0.49,0.51,0.3258
tvmonitor,0.49,0.51,0.3909
pottedplant,0.49,0.51,0.1568
sheep,0.49,0.51,0.3508
chair,0.49,0.51,0.3746
cow,0.49,0.51,0.1807
diningtable,0.6,0.4,0.2480
car,0.6,0.4,0.4025
person,0.6,0.4,0.6854
aeroplane,0.6,0.4,0.7054
dog,0.6,0.4,0.3491
bicycle,0.6,0.4,0.3847
train,0.6,0.4,0.5145
motorbike,0.6,0.4,0.3137
bottle,0.6,0.4,0.1390
sofa,0.6,0.4,0.1911
cat,0.6,0.4,0.4564
horse,0.6,0.4,0.3172
boat,0.6,0.4,0.3880
bus,0.6,0.4,0.6159
bird,0.6,0.4,0.3270
tvmonitor,0.6,0.4,0.3897
pottedplant,0.6,0.4,0.1520
sheep,0.6,0.4,0.3556
chair,0.6,0.4,0.3775
cow,0.6,0.4,0.1846
diningtable,0.54,0.46,0.2517
car,0.54,0.46,0.4026
person,0.54,0.46,0.6862
aeroplane,0.54,0.46,0.6970
dog,0.54,0.46,0.3495
bicycle,0.54,0.46,0.3850
train,0.54,0.46,0.5133
motorbike,0.54,0.46,0.3147
bottle,0.54,0.46,0.1399
sofa,0.54,0.46,0.1853
cat,0.54,0.46,0.4572
horse,0.54,0.46,0.3187
boat,0.54,0.46,0.3936
bus,0.54,0.46,0.6177
bird,0.54,0.46,0.3274
tvmonitor,0.54,0.46,0.3909
pottedplant,0.54,0.46,0.1540
sheep,0.54,0.46,0.3534
chair,0.54,0.46,0.3768
cow,0.54,0.46,0.1833
diningtable,0.87,0.13,0.2321
car,0.87,0.13,0.3895
person,0.87,0.13,0.6680
aeroplane,0.87,0.13,0.7004
dog,0.87,0.13,0.3459
bicycle,0.87,0.13,0.3832
train,0.87,0.13,0.5098
motorbike,0.87,0.13,0.3028
bottle,0.87,0.13,0.1358
sofa,0.87,0.13,0.1887
cat,0.87,0.13,0.4467
horse,0.87,0.13,0.3116
boat,0.87,0.13,0.3519
bus,0.87,0.13,0.5959
bird,0.87,0.13,0.3037
tvmonitor,0.87,0.13,0.3815
pottedplant,0.87,0.13,0.1448
sheep,0.87,0.13,0.3521
chair,0.87,0.13,0.3694
cow,0.87,0.13,0.1748
diningtable,0.04,0.96,0.1570
car,0.04,0.96,0.2519
person,0.04,0.96,0.5506
aeroplane,0.04,0.96,0.4127
dog,0.04,0.96,0.2599
bicycle,0.04,0.96,0.1893
train,0.04,0.96,0.1860
motorbike,0.04,0.96,0.1453
bottle,0.04,0.96,0.1031
sofa,0.04,0.96,0.0948
cat,0.04,0.96,0.2367
horse,0.04,0.96,0.1285
boat,0.04,0.96,0.2666
bus,0.04,0.96,0.2345
bird,0.04,0.96,0.2074
tvmonitor,0.04,0.96,0.1568
pottedplant,0.04,0.96,0.1262
sheep,0.04,0.96,0.1681
chair,0.04,0.96,0.1996
cow,0.04,0.96,0.1010
diningtable,0.46,0.54,0.2554
car,0.46,0.54,0.3996
person,0.46,0.54,0.6829
aeroplane,0.46,0.54,0.6661
dog,0.46,0.54,0.3496
bicycle,0.46,0.54,0.3840
train,0.46,0.54,0.5105
motorbike,0.46,0.54,0.3169
bottle,0.46,0.54,0.1390
sofa,0.46,0.54,0.1766
cat,0.46,0.54,0.4568
horse,0.46,0.54,0.3184
boat,0.46,0.54,0.3953
bus,0.46,0.54,0.6159
bird,0.46,0.54,0.3229
tvmonitor,0.46,0.54,0.3909
pottedplant,0.46,0.54,0.1579
sheep,0.46,0.54,0.3483
chair,0.46,0.54,0.3724
cow,0.46,0.54,0.1785
diningtable,0.01,0.99,0.1451
car,0.01,0.99,0.2373
person,0.01,0.99,0.5353
aeroplane,0.01,0.99,0.3686
dog,0.01,0.99,0.1968
bicycle,0.01,0.99,0.0992
train,0.01,0.99,0.1491
motorbike,0.01,0.99,0.1190
bottle,0.01,0.99,0.0972
sofa,0.01,0.99,0.0904
cat,0.01,0.99,0.1978
horse,0.01,0.99,0.0957
boat,0.01,0.99,0.2552
bus,0.01,0.99,0.1985
bird,0.01,0.99,0.1980
tvmonitor,0.01,0.99,0.1249
pottedplant,0.01,0.99,0.1105
sheep,0.01,0.99,0.1505
chair,0.01,0.99,0.1874
cow,0.01,0.99,0.0951
diningtable,0.8,0.2,0.2360
car,0.8,0.2,0.3938
person,0.8,0.2,0.6733
aeroplane,0.8,0.2,0.7038
dog,0.8,0.2,0.3469
bicycle,0.8,0.2,0.3837
train,0.8,0.2,0.5116
motorbike,0.8,0.2,0.3052
bottle,0.8,0.2,0.1366
sofa,0.8,0.2,0.1909
cat,0.8,0.2,0.4493
horse,0.8,0.2,0.3125
boat,0.8,0.2,0.3640
bus,0.8,0.2,0.6023
bird,0.8,0.2,0.3098
tvmonitor,0.8,0.2,0.3837
pottedplant,0.8,0.2,0.1465
sheep,0.8,0.2,0.3512
chair,0.8,0.2,0.3733
cow,0.8,0.2,0.1777
diningtable,0.29,0.71,0.2438
car,0.29,0.71,0.3717
person,0.29,0.71,0.6479
aeroplane,0.29,0.71,0.5892
dog,0.29,0.71,0.3462
bicycle,0.29,0.71,0.3754
train,0.29,0.71,0.4726
motorbike,0.29,0.71,0.3190
bottle,0.29,0.71,0.1346
sofa,0.29,0.71,0.1417
cat,0.29,0.71,0.4408
horse,0.29,0.71,0.3112
boat,0.29,0.71,0.3720
bus,0.29,0.71,0.5773
bird,0.29,0.71,0.2828
tvmonitor,0.29,0.71,0.3783
pottedplant,0.29,0.71,0.1666
sheep,0.29,0.71,0.3114
chair,0.29,0.71,0.3201
cow,0.29,0.71,0.1513
diningtable,0.56,0.44,0.2506
car,0.56,0.44,0.4028
person,0.56,0.44,0.6862
aeroplane,0.56,0.44,0.7015
dog,0.56,0.44,0.3494
bicycle,0.56,0.44,0.3853
train,0.56,0.44,0.5140
motorbike,0.56,0.44,0.3141
bottle,0.56,0.44,0.1397
sofa,0.56,0.44,0.1889
cat,0.56,0.44,0.4572
horse,0.56,0.44,0.3186
boat,0.56,0.44,0.3926
bus,0.56,0.44,0.6179
bird,0.56,0.44,0.3282
tvmonitor,0.56,0.44,0.3904
pottedplant,0.56,0.44,0.1535
sheep,0.56,0.44,0.3530
chair,0.56,0.44,0.3773
cow,0.56,0.44,0.1841
diningtable,0.55,0.45,0.2512
car,0.55,0.45,0.4027
person,0.55,0.45,0.6863
aeroplane,0.55,0.45,0.6994
dog,0.55,0.45,0.3495
bicycle,0.55,0.45,0.3852
train,0.55,0.45,0.5138
motorbike,0.55,0.45,0.3144
bottle,0.55,0.45,0.1398
sofa,0.55,0.45,0.1883
cat,0.55,0.45,0.4572
horse,0.55,0.45,0.3189
boat,0.55,0.45,0.3930
bus,0.55,0.45,0.6176
bird,0.55,0.45,0.3276
tvmonitor,0.55,0.45,0.3906
pottedplant,0.55,0.45,0.1536
sheep,0.55,0.45,0.3531
chair,0.55,0.45,0.3773
cow,0.55,0.45,0.1837
diningtable,0.83,0.17,0.2342
car,0.83,0.17,0.3919
person,0.83,0.17,0.6711
aeroplane,0.83,0.17,0.7031
dog,0.83,0.17,0.3467
bicycle,0.83,0.17,0.3836
train,0.83,0.17,0.5110
motorbike,0.83,0.17,0.3044
bottle,0.83,0.17,0.1363
sofa,0.83,0.17,0.1901
cat,0.83,0.17,0.4482
horse,0.83,0.17,0.3120
boat,0.83,0.17,0.3597
bus,0.83,0.17,0.6002
bird,0.83,0.17,0.3068
tvmonitor,0.83,0.17,0.3829
pottedplant,0.83,0.17,0.1457
sheep,0.83,0.17,0.3509
chair,0.83,0.17,0.3716
cow,0.83,0.17,0.1766
diningtable,0.73,0.27,0.2404
car,0.73,0.27,0.3975
person,0.73,0.27,0.6786
aeroplane,0.73,0.27,0.7060
dog,0.73,0.27,0.3479
bicycle,0.73,0.27,0.3842
train,0.73,0.27,0.5129
motorbike,0.73,0.27,0.3094
bottle,0.73,0.27,0.1377
sofa,0.73,0.27,0.1937
cat,0.73,0.27,0.4520
horse,0.73,0.27,0.3138
boat,0.73,0.27,0.3737
bus,0.73,0.27,0.6082
bird,0.73,0.27,0.3146
tvmonitor,0.73,0.27,0.3859
pottedplant,0.73,0.27,0.1486
sheep,0.73,0.27,0.3516
chair,0.73,0.27,0.3767
cow,0.73,0.27,0.1841
diningtable,0.61,0.39,0.2471
car,0.61,0.39,0.4019
person,0.61,0.39,0.6851
aeroplane,0.61,0.39,0.7061
dog,0.61,0.39,0.3490
bicycle,0.61,0.39,0.3847
train,0.61,0.39,0.5146
motorbike,0.61,0.39,0.3131
bottle,0.61,0.39,0.1390
sofa,0.61,0.39,0.1914
cat,0.61,0.39,0.4562
horse,0.61,0.39,0.3171
boat,0.61,0.39,0.3872
bus,0.61,0.39,0.6157
bird,0.61,0.39,0.3267
tvmonitor,0.61,0.39,0.3894
pottedplant,0.61,0.39,0.1519
sheep,0.61,0.39,0.3557
chair,0.61,0.39,0.3782
cow,0.61,0.39,0.1849
diningtable,0.39,0.61,0.2550
car,0.39,0.61,0.3928
person,0.39,0.61,0.6732
aeroplane,0.39,0.61,0.6306
dog,0.39,0.61,0.3485
bicycle,0.39,0.61,0.3823
train,0.39,0.61,0.5029
motorbike,0.39,0.61,0.3174
bottle,0.39,0.61,0.1382
sofa,0.39,0.61,0.1643
cat,0.39,0.61,0.4540
horse,0.39,0.61,0.3169
boat,0.39,0.61,0.3926
bus,0.39,0.61,0.6123
bird,0.39,0.61,0.3121
tvmonitor,0.39,0.61,0.3889
pottedplant,0.39,0.61,0.1607
sheep,0.39,0.61,0.3369
chair,0.39,0.61,0.3589
cow,0.39,0.61,0.1695
diningtable,0.33,0.67,0.2505
car,0.33,0.67,0.3821
person,0.33,0.67,0.6595
aeroplane,0.33,0.67,0.6085
dog,0.33,0.67,0.3475
bicycle,0.33,0.67,0.3791
train,0.33,0.67,0.4892
motorbike,0.33,0.67,0.3186
bottle,0.33,0.67,0.1368
sofa,0.33,0.67,0.1521
cat,0.33,0.67,0.4474
horse,0.33,0.67,0.3153
boat,0.33,0.67,0.3824
bus,0.33,0.67,0.5951
bird,0.33,0.67,0.2939
tvmonitor,0.33,0.67,0.3834
pottedplant,0.33,0.67,0.1643
sheep,0.33,0.67,0.3237
chair,0.33,0.67,0.3384
cow,0.33,0.67,0.1576
diningtable,0.74,0.26,0.2397
car,0.74,0.26,0.3972
person,0.74,0.26,0.6780
aeroplane,0.74,0.26,0.7062
dog,0.74,0.26,0.3477
bicycle,0.74,0.26,0.3841
train,0.74,0.26,0.5129
motorbike,0.74,0.26,0.3088
bottle,0.74,0.26,0.1376
sofa,0.74,0.26,0.1932
cat,0.74,0.26,0.4516
horse,0.74,0.26,0.3136
boat,0.74,0.26,0.3728
bus,0.74,0.26,0.6071
bird,0.74,0.26,0.3138
tvmonitor,0.74,0.26,0.3854
pottedplant,0.74,0.26,0.1481
sheep,0.74,0.26,0.3515
chair,0.74,0.26,0.3764
cow,0.74,0.26,0.1833
diningtable,0.19,0.81,0.2187
car,0.19,0.81,0.3340
person,0.19,0.81,0.6141
aeroplane,0.19,0.81,0.5338
dog,0.19,0.81,0.3385
bicycle,0.19,0.81,0.3574
train,0.19,0.81,0.3800
motorbike,0.19,0.81,0.3040
bottle,0.19,0.81,0.1277
sofa,0.19,0.81,0.1210
cat,0.19,0.81,0.4050
horse,0.19,0.81,0.2896
boat,0.19,0.81,0.3357
bus,0.19,0.81,0.4686
bird,0.19,0.81,0.2523
tvmonitor,0.19,0.81,0.3458
pottedplant,0.19,0.81,0.1711
sheep,0.19,0.81,0.2585
chair,0.19,0.81,0.2703
cow,0.19,0.81,0.1321
diningtable,0.14,0.86,0.1987
car,0.14,0.86,0.3081
person,0.14,0.86,0.5949
aeroplane,0.14,0.86,0.5015
dog,0.14,0.86,0.3301
bicycle,0.14,0.86,0.3350
train,0.14,0.86,0.3173
motorbike,0.14,0.86,0.2663
bottle,0.14,0.86,0.1206
sofa,0.14,0.86,0.1112
cat,0.14,0.86,0.3683
horse,0.14,0.86,0.2567
boat,0.14,0.86,0.3139
bus,0.14,0.86,0.3882
bird,0.14,0.86,0.2375
tvmonitor,0.14,0.86,0.3023
pottedplant,0.14,0.86,0.1679
sheep,0.14,0.86,0.2291
chair,0.14,0.86,0.2463
cow,0.14,0.86,0.1224
diningtable,0.78,0.22,0.2372
car,0.78,0.22,0.3950
person,0.78,0.22,0.6749
aeroplane,0.78,0.22,0.7047
dog,0.78,0.22,0.3472
bicycle,0.78,0.22,0.3839
train,0.78,0.22,0.5116
motorbike,0.78,0.22,0.3067
bottle,0.78,0.22,0.1370
sofa,0.78,0.22,0.1916
cat,0.78,0.22,0.4498
horse,0.78,0.22,0.3128
boat,0.78,0.22,0.3668
bus,0.78,0.22,0.6038
bird,0.78,0.22,0.3117
tvmonitor,0.78,0.22,0.3842
pottedplant,0.78,0.22,0.1469
sheep,0.78,0.22,0.3516
chair,0.78,0.22,0.3741
cow,0.78,0.22,0.1782
diningtable,0.37,0.63,0.2534
car,0.37,0.63,0.3899
person,0.37,0.63,0.6690
aeroplane,0.37,0.63,0.6231
dog,0.37,0.63,0.3483
bicycle,0.37,0.63,0.3813
train,0.37,0.63,0.5000
motorbike,0.37,0.63,0.3185
bottle,0.37,0.63,0.1379
sofa,0.37,0.63,0.1602
cat,0.37,0.63,0.4524
horse,0.37,0.63,0.3164
boat,0.37,0.63,0.3896
bus,0.37,0.63,0.6075
bird,0.37,0.63,0.3075
tvmonitor,0.37,0.63,0.3872
pottedplant,0.37,0.63,0.1618
sheep,0.37,0.63,0.3321
chair,0.37,0.63,0.3534
cow,0.37,0.63,0.1660
diningtable,0.43,0.57,0.2563
car,0.43,0.57,0.3971
person,0.43,0.57,0.6797
aeroplane,0.43,0.57,0.6490
dog,0.43,0.57,0.3495
bicycle,0.43,0.57,0.3838
train,0.43,0.57,0.5080
motorbike,0.43,0.57,0.3173
bottle,0.43,0.57,0.1388
sofa,0.43,0.57,0.1721
cat,0.43,0.57,0.4561
horse,0.43,0.57,0.3181
boat,0.43,0.57,0.3940
bus,0.43,0.57,0.6166
bird,0.43,0.57,0.3183
tvmonitor,0.43,0.57,0.3902
pottedplant,0.43,0.57,0.1591
sheep,0.43,0.57,0.3472
chair,0.43,0.57,0.3678
cow,0.43,0.57,0.1765
diningtable,0.63,0.37,0.2461
car,0.63,0.37,0.4018
person,0.63,0.37,0.6843
aeroplane,0.63,0.37,0.7068
dog,0.63,0.37,0.3489
bicycle,0.63,0.37,0.3849
train,0.63,0.37,0.5146
motorbike,0.63,0.37,0.3127
bottle,0.63,0.37,0.1388
sofa,0.63,0.37,0.1926
cat,0.63,0.37,0.4553
horse,0.63,0.37,0.3163
boat,0.63,0.37,0.3861
bus,0.63,0.37,0.6140
bird,0.63,0.37,0.3249
tvmonitor,0.63,0.37,0.3887
pottedplant,0.63,0.37,0.1526
sheep,0.63,0.37,0.3549
chair,0.63,0.37,0.3794
cow,0.63,0.37,0.1849
diningtable,0.02,0.98,0.1497
car,0.02,0.98,0.2420
person,0.02,0.98,0.5403
aeroplane,0.02,0.98,0.3849
dog,0.02,0.98,0.2195
bicycle,0.02,0.98,0.1253
train,0.02,0.98,0.1616
motorbike,0.02,0.98,0.1269
bottle,0.02,0.98,0.0992
sofa,0.02,0.98,0.0918
cat,0.02,0.98,0.2103
horse,0.02,0.98,0.1048
boat,0.02,0.98,0.2592
bus,0.02,0.98,0.2096
bird,0.02,0.98,0.2010
tvmonitor,0.02,0.98,0.1349
pottedplant,0.02,0.98,0.1151
sheep,0.02,0.98,0.1564
chair,0.02,0.98,0.1915
cow,0.02,0.98,0.0968
diningtable,0.84,0.16,0.2336
car,0.84,0.16,0.3913
person,0.84,0.16,0.6703
aeroplane,0.84,0.16,0.7025
dog,0.84,0.16,0.3465
bicycle,0.84,0.16,0.3835
train,0.84,0.16,0.5109
motorbike,0.84,0.16,0.3041
bottle,0.84,0.16,0.1362
sofa,0.84,0.16,0.1898
cat,0.84,0.16,0.4479
horse,0.84,0.16,0.3119
boat,0.84,0.16,0.3566
bus,0.84,0.16,0.5989
bird,0.84,0.16,0.3059
tvmonitor,0.84,0.16,0.3826
pottedplant,0.84,0.16,0.1455
sheep,0.84,0.16,0.3509
chair,0.84,0.16,0.3711
cow,0.84,0.16,0.1762
diningtable,0.2,0.8,0.2220
car,0.2,0.8,0.3382
person,0.2,0.8,0.6179
aeroplane,0.2,0.8,0.5401
dog,0.2,0.8,0.3398
bicycle,0.2,0.8,0.3598
train,0.2,0.8,0.3924
motorbike,0.2,0.8,0.3078
bottle,0.2,0.8,0.1287
sofa,0.2,0.8,0.1231
cat,0.2,0.8,0.4105
horse,0.2,0.8,0.2938
boat,0.2,0.8,0.3403
bus,0.2,0.8,0.4845
bird,0.2,0.8,0.2551
tvmonitor,0.2,0.8,0.3508
pottedplant,0.2,0.8,0.1708
sheep,0.2,0.8,0.2643
chair,0.2,0.8,0.2746
cow,0.2,0.8,0.1352
diningtable,0.9,0.1,0.2303
car,0.9,0.1,0.3877
person,0.9,0.1,0.6656
aeroplane,0.9,0.1,0.6978
dog,0.9,0.1,0.3455
bicycle,0.9,0.1,0.3827
train,0.9,0.1,0.5083
motorbike,0.9,0.1,0.3016
bottle,0.9,0.1,0.1355
sofa,0.9,0.1,0.1878
cat,0.9,0.1,0.4456
horse,0.9,0.1,0.3112
boat,0.9,0.1,0.3457
bus,0.9,0.1,0.5929
bird,0.9,0.1,0.3002
tvmonitor,0.9,0.1,0.3808
pottedplant,0.9,0.1,0.1439
sheep,0.9,0.1,0.3516
chair,0.9,0.1,0.3678
cow,0.9,0.1,0.1726
diningtable,0.72,0.28,0.2410
car,0.72,0.28,0.3981
person,0.72,0.28,0.6793
aeroplane,0.72,0.28,0.7065
dog,0.72,0.28,0.3478
bicycle,0.72,0.28,0.3844
train,0.72,0.28,0.5132
motorbike,0.72,0.28,0.3098
bottle,0.72,0.28,0.1378
sofa,0.72,0.28,0.1936
cat,0.72,0.28,0.4523
horse,0.72,0.28,0.3139
boat,0.72,0.28,0.3753
bus,0.72,0.28,0.6089
bird,0.72,0.28,0.3156
tvmonitor,0.72,0.28,0.3861
pottedplant,0.72,0.28,0.1491
sheep,0.72,0.28,0.3512
chair,0.72,0.28,0.3767
cow,0.72,0.28,0.1834
diningtable,0.64,0.36,0.2456
car,0.64,0.36,0.4014
person,0.64,0.36,0.6839
aeroplane,0.64,0.36,0.7072
dog,0.64,0.36,0.3488
bicycle,0.64,0.36,0.3851
train,0.64,0.36,0.5144
motorbike,0.64,0.36,0.3124
bottle,0.64,0.36,0.1385
sofa,0.64,0.36,0.1927
cat,0.64,0.36,0.4550
horse,0.64,0.36,0.3163
boat,0.64,0.36,0.3852
bus,0.64,0.36,0.6128
bird,0.64,0.36,0.3239
tvmonitor,0.64,0.36,0.3885
pottedplant,0.64,0.36,0.1522
sheep,0.64,0.36,0.3538
chair,0.64,0.36,0.3793
cow,0.64,0.36,0.1847
diningtable,0.12,0.88,0.1894
car,0.12,0.88,0.2967
person,0.12,0.88,0.5868
aeroplane,0.12,0.88,0.4873
dog,0.12,0.88,0.3239
bicycle,0.12,0.88,0.3222
train,0.12,0.88,0.2913
motorbike,0.12,0.88,0.2422
bottle,0.12,0.88,0.1173
sofa,0.12,0.88,0.1080
cat,0.12,0.88,0.3485
horse,0.12,0.88,0.2385
boat,0.12,0.88,0.3028
bus,0.12,0.88,0.3550
bird,0.12,0.88,0.2314
tvmonitor,0.12,0.88,0.2757
pottedplant,0.12,0.88,0.1649
sheep,0.12,0.88,0.2168
chair,0.12,0.88,0.2368
cow,0.12,0.88,0.1183
diningtable,0.79,0.21,0.2366
car,0.79,0.21,0.3946
person,0.79,0.21,0.6741
aeroplane,0.79,0.21,0.7040
dog,0.79,0.21,0.3470
bicycle,0.79,0.21,0.3838
train,0.79,0.21,0.5117
motorbike,0.79,0.21,0.3055
bottle,0.79,0.21,0.1367
sofa,0.79,0.21,0.1914
cat,0.79,0.21,0.4495
horse,0.79,0.21,0.3126
boat,0.79,0.21,0.3651
bus,0.79,0.21,0.6032
bird,0.79,0.21,0.3108
tvmonitor,0.79,0.21,0.3840
pottedplant,0.79,0.21,0.1465
sheep,0.79,0.21,0.3517
chair,0.79,0.21,0.3737
cow,0.79,0.21,0.1779
diningtable,0.58,0.42,0.2497
car,0.58,0.42,0.4026
person,0.58,0.42,0.6859
aeroplane,0.58,0.42,0.7040
dog,0.58,0.42,0.3492
bicycle,0.58,0.42,0.3853
train,0.58,0.42,0.5144
motorbike,0.58,0.42,0.3133
bottle,0.58,0.42,0.1394
sofa,0.58,0.42,0.1899
cat,0.58,0.42,0.4567
horse,0.58,0.42,0.3175
boat,0.58,0.42,0.3904
bus,0.58,0.42,0.6164
bird,0.58,0.42,0.3271
tvmonitor,0.58,0.42,0.3897
pottedplant,0.58,0.42,0.1526
sheep,0.58,0.42,0.3532
chair,0.58,0.42,0.3774
cow,0.58,0.42,0.1846
diningtable,0.44,0.56,0.2557
car,0.44,0.56,0.3977
person,0.44,0.56,0.6808
aeroplane,0.44,0.56,0.6547
dog,0.44,0.56,0.3495
bicycle,0.44,0.56,0.3839
train,0.44,0.56,0.5088
motorbike,0.44,0.56,0.3172
bottle,0.44,0.56,0.1382
sofa,0.44,0.56,0.1739
cat,0.44,0.56,0.4564
horse,0.44,0.56,0.3184
boat,0.44,0.56,0.3943
bus,0.44,0.56,0.6167
bird,0.44,0.56,0.3197
tvmonitor,0.44,0.56,0.3901
pottedplant,0.44,0.56,0.1584
sheep,0.44,0.56,0.3471
chair,0.44,0.56,0.3694
cow,0.44,0.56,0.1772
diningtable,0.28,0.72,0.2411
car,0.28,0.72,0.3684
person,0.28,0.72,0.6447
aeroplane,0.28,0.72,0.5844
dog,0.28,0.72,0.3458
bicycle,0.28,0.72,0.3746
train,0.28,0.72,0.4675
motorbike,0.28,0.72,0.3184
bottle,0.28,0.72,0.1335
sofa,0.28,0.72,0.1395
cat,0.28,0.72,0.4382
horse,0.28,0.72,0.3098
boat,0.28,0.72,0.3699
bus,0.28,0.72,0.5683
bird,0.28,0.72,0.2800
tvmonitor,0.28,0.72,0.3767
pottedplant,0.28,0.72,0.1670
sheep,0.28,0.72,0.3087
chair,0.28,0.72,0.3151
cow,0.28,0.72,0.1500
diningtable,0.52,0.48,0.2524
car,0.52,0.48,0.4025
person,0.52,0.48,0.6860
aeroplane,0.52,0.48,0.6912
dog,0.52,0.48,0.3494
bicycle,0.52,0.48,0.3850
train,0.52,0.48,0.5131
motorbike,0.52,0.48,0.3158
bottle,0.52,0.48,0.1385
sofa,0.52,0.48,0.1837
cat,0.52,0.48,0.4574
horse,0.52,0.48,0.3187
boat,0.52,0.48,0.3952
bus,0.52,0.48,0.6179
bird,0.52,0.48,0.3273
tvmonitor,0.52,0.48,0.3910
pottedplant,0.52,0.48,0.1550
sheep,0.52,0.48,0.3527
chair,0.52,0.48,0.3760
cow,0.52,0.48,0.1827
diningtable,0.16,0.84,0.2078
car,0.16,0.84,0.3184
person,0.16,0.84,0.6029
aeroplane,0.16,0.84,0.5149
dog,0.16,0.84,0.3342
bicycle,0.16,0.84,0.3458
train,0.16,0.84,0.3418
motorbike,0.16,0.84,0.2832
bottle,0.16,0.84,0.1239
sofa,0.16,0.84,0.1152
cat,0.16,0.84,0.3840
horse,0.16,0.84,0.2725
boat,0.16,0.84,0.3237
bus,0.16,0.84,0.4200
bird,0.16,0.84,0.2431
tvmonitor,0.16,0.84,0.3223
pottedplant,0.16,0.84,0.1694
sheep,0.16,0.84,0.2408
chair,0.16,0.84,0.2559
cow,0.16,0.84,0.1263
diningtable,0.13,0.87,0.1946
car,0.13,0.87,0.3020
person,0.13,0.87,0.5909
aeroplane,0.13,0.87,0.4946
dog,0.13,0.87,0.3271
bicycle,0.13,0.87,0.3296
train,0.13,0.87,0.3036
motorbike,0.13,0.87,0.2555
bottle,0.13,0.87,0.1193
sofa,0.13,0.87,0.1096
cat,0.13,0.87,0.3589
horse,0.13,0.87,0.2480
boat,0.13,0.87,0.3080
bus,0.13,0.87,0.3710
bird,0.13,0.87,0.2346
tvmonitor,0.13,0.87,0.2889
pottedplant,0.13,0.87,0.1672
sheep,0.13,0.87,0.2234
chair,0.13,0.87,0.2413
cow,0.13,0.87,0.1200
diningtable,0.18,0.82,0.2158
car,0.18,0.82,0.3285
person,0.18,0.82,0.6104
aeroplane,0.18,0.82,0.5273
dog,0.18,0.82,0.3373
bicycle,0.18,0.82,0.3543
train,0.18,0.82,0.3695
motorbike,0.18,0.82,0.2982
bottle,0.18,0.82,0.1267
sofa,0.18,0.82,0.1189
cat,0.18,0.82,0.3988
horse,0.18,0.82,0.2845
boat,0.18,0.82,0.3313
bus,0.18,0.82,0.4516
bird,0.18,0.82,0.2496
tvmonitor,0.18,0.82,0.3386
pottedplant,0.18,0.82,0.1707
sheep,0.18,0.82,0.2539
chair,0.18,0.82,0.2655
cow,0.18,0.82,0.1307
diningtable,0.41,0.59,0.2559
car,0.41,0.59,0.3947
person,0.41,0.59,0.6768
aeroplane,0.41,0.59,0.6391
dog,0.41,0.59,0.3494
bicycle,0.41,0.59,0.3828
train,0.41,0.59,0.5054
motorbike,0.41,0.59,0.3167
bottle,0.41,0.59,0.1385
sofa,0.41,0.59,0.1693
cat,0.41,0.59,0.4551
horse,0.41,0.59,0.3173
boat,0.41,0.59,0.3935
bus,0.41,0.59,0.6147
bird,0.41,0.59,0.3161
tvmonitor,0.41,0.59,0.3904
pottedplant,0.41,0.59,0.1601
sheep,0.41,0.59,0.3416
chair,0.41,0.59,0.3643
cow,0.41,0.59,0.1738
diningtable,0.03,0.97,0.1532
car,0.03,0.97,0.2471
person,0.03,0.97,0.5455
aeroplane,0.03,0.97,0.3992
dog,0.03,0.97,0.2419
bicycle,0.03,0.97,0.1584
train,0.03,0.97,0.1737
motorbike,0.03,0.97,0.1355
bottle,0.03,0.97,0.1013
sofa,0.03,0.97,0.0932
cat,0.03,0.97,0.2231
horse,0.03,0.97,0.1164
boat,0.03,0.97,0.2630
bus,0.03,0.97,0.2199
bird,0.03,0.97,0.2044
tvmonitor,0.03,0.97,0.1455
pottedplant,0.03,0.97,0.1208
sheep,0.03,0.97,0.1608
chair,0.03,0.97,0.1956
cow,0.03,0.97,0.0986
diningtable,0.23,0.77,0.2265
car,0.23,0.77,0.3505
person,0.23,0.77,0.6284
aeroplane,0.23,0.77,0.5569
dog,0.23,0.77,0.3429
bicycle,0.23,0.77,0.3656
train,0.23,0.77,0.4267
motorbike,0.23,0.77,0.3135
bottle,0.23,0.77,0.1305
sofa,0.23,0.77,0.1288
cat,0.23,0.77,0.4227
horse,0.23,0.77,0.3018
boat,0.23,0.77,0.3519
bus,0.23,0.77,0.5239
bird,0.23,0.77,0.2641
tvmonitor,0.23,0.77,0.3632
pottedplant,0.23,0.77,0.1693
sheep,0.23,0.77,0.2844
chair,0.23,0.77,0.2898
cow,0.23,0.77,0.1406
diningtable,0.51,0.49,0.2530
car,0.51,0.49,0.4020
person,0.51,0.49,0.6858
aeroplane,0.51,0.49,0.6886
dog,0.51,0.49,0.3496
bicycle,0.51,0.49,0.3849
train,0.51,0.49,0.5131
motorbike,0.51,0.49,0.3155
bottle,0.51,0.49,0.1388
sofa,0.51,0.49,0.1831
cat,0.51,0.49,0.4573
horse,0.51,0.49,0.3189
boat,0.51,0.49,0.3954
bus,0.51,0.49,0.6178
bird,0.51,0.49,0.3266
tvmonitor,0.51,0.49,0.3907
pottedplant,0.51,0.49,0.1557
sheep,0.51,0.49,0.3525
chair,0.51,0.49,0.3757
cow,0.51,0.49,0.1822
diningtable,0.24,0.76,0.2295
car,0.24,0.76,0.3546
person,0.24,0.76,0.6318
aeroplane,0.24,0.76,0.5624
dog,0.24,0.76,0.3436
bicycle,0.24,0.76,0.3681
train,0.24,0.76,0.4354
motorbike,0.24,0.76,0.3148
bottle,0.24,0.76,0.1309
sofa,0.24,0.76,0.1307
cat,0.24,0.76,0.4266
horse,0.24,0.76,0.3036
boat,0.24,0.76,0.3546
bus,0.24,0.76,0.5322
bird,0.24,0.76,0.2664
tvmonitor,0.24,0.76,0.3664
pottedplant,0.24,0.76,0.1685
sheep,0.24,0.76,0.2891
chair,0.24,0.76,0.2944
cow,0.24,0.76,0.1423
diningtable,0.47,0.53,0.2543
car,0.47,0.53,0.4002
person,0.47,0.53,0.6838
aeroplane,0.47,0.53,0.6714
dog,0.47,0.53,0.3497
bicycle,0.47,0.53,0.3841
train,0.47,0.53,0.5115
motorbike,0.47,0.53,0.3161
bottle,0.47,0.53,0.1389
sofa,0.47,0.53,0.1783
cat,0.47,0.53,0.4570
horse,0.47,0.53,0.3185
boat,0.47,0.53,0.3953
bus,0.47,0.53,0.6162
bird,0.47,0.53,0.3241
tvmonitor,0.47,0.53,0.3907
pottedplant,0.47,0.53,0.1575
sheep,0.47,0.53,0.3483
chair,0.47,0.53,0.3734
cow,0.47,0.53,0.1801
diningtable,0.26,0.74,0.2355
car,0.26,0.74,0.3625
person,0.26,0.74,0.6385
aeroplane,0.26,0.74,0.5732
dog,0.26,0.74,0.3450
bicycle,0.26,0.74,0.3724
train,0.26,0.74,0.4523
motorbike,0.26,0.74,0.3169
bottle,0.26,0.74,0.1320
sofa,0.26,0.74,0.1352
cat,0.26,0.74,0.4325
horse,0.26,0.74,0.3080
boat,0.26,0.74,0.3628
bus,0.26,0.74,0.5511
bird,0.26,0.74,0.2734
tvmonitor,0.26,0.74,0.3731
pottedplant,0.26,0.74,0.1681
sheep,0.26,0.74,0.2994
chair,0.26,0.74,0.3052
cow,0.26,0.74,0.1459
